0.007, 0.008, 0.006, 0.007, 0.007, 0.006, 0.006, 0.007, 0.006, 0.007, 
0.017, 0.015, 0.015, 0.015, 0.015, 0.026, 0.014, 0.016, 0.014, 0.014, 
0.050, 0.054, 0.045, 0.057, 0.045, 0.042, 0.043, 0.047, 0.070, 0.050, 
0.159, 0.158, 0.162, 0.169, 0.151, 0.150, 0.154, 0.149, 0.154, 0.223, 
0.605, 0.627, 1.132, 0.601, 0.677, 0.617, 0.633, 0.643, 0.644, 0.618, 
3.902, 3.263, 2.640, 2.641, 2.766, 2.648, 2.661, 3.806, 2.703, 2.812, 
11.188, 28.589, 18.156, 17.377, 13.353, 14.833, 10.356, 9.444, 9.532, 9.000, 
34.265, 32.345, 29.271, 27.628, 27.471, 26.811, 26.924, 26.193, 27.051, 26.160, 
138.537, 132.169, 121.156, 109.417, 137.876, 132.393, 120.719, 124.132, 137.424, 194.940, 
414.808, 571.213, 592.468, 621.746, 508.853, 534.228, 504.488, 385.671, 400.887, 504.031, 

